{"cameraMode":{"drawMode":0,"name":"Shaded","section":"Shading Mode"},"sceneLighting":false,"audioPlay":false,"sceneViewState":{"m_AlwaysRefresh":false,"showFog":true,"showSkybox":false,"showFlares":true,"showImageEffects":true,"showParticleSystems":true,"showVisualEffectGraphs":true,"m_FxEnabled":true},"in2DMode":false,"pivot":{"x":-14.879999160766602,"y":0.39000004529953005,"z":15.770000457763672},"rotation":{"x":0.005885081831365824,"y":-0.8474941849708557,"z":0.5307398438453674,"w":0.0093998983502388},"size":23.843124389648439,"orthographic":true}