{"cameraMode":{"drawMode":0,"name":"Shaded","section":"Shading Mode"},"sceneLighting":true,"audioPlay":false,"sceneViewState":{"m_AlwaysRefresh":false,"showFog":true,"showSkybox":true,"showFlares":true,"showImageEffects":true,"showParticleSystems":true,"showVisualEffectGraphs":true,"m_FxEnabled":true},"in2DMode":false,"pivot":{"x":-1.783902645111084,"y":-4.917915344238281,"z":5.227401256561279},"rotation":{"x":0.0032511595636606218,"y":-0.8698040246963501,"z":0.4934024214744568,"w":0.0057324860244989399},"size":22.423751831054689,"orthographic":true}